{"cameraMode":{"drawMode":0,"name":"Shaded","section":"Shading Mode"},"sceneLighting":true,"audioPlay":false,"sceneViewState":{"showFog":true,"showMaterialUpdate":false,"showSkybox":true,"showFlares":true,"showImageEffects":true,"showParticleSystems":true,"showVisualEffectGraphs":true,"m_FxEnabled":true},"in2DMode":false,"pivot":{"x":-0.9244892597198486,"y":0.40544557571411135,"z":3.6982204914093019},"rotation":{"x":0.2332928478717804,"y":0.39813849329948428,"z":-0.10544406622648239,"w":0.8808756470680237},"size":10.388206481933594,"orthographic":false}